<?xml version="1.0" encoding="UTF-8"?>
<product>
	<name>Powernet Customization</name>
	<version>
		<major>9</major>
		<minor>1</minor>
		<modlevel>0</modlevel>
		<patch>0</patch>
		<build>20251112-1001</build>
	</version>
	<dbmaxvarname>PNCUSTOM</dbmaxvarname>
	<dbscripts>pncustom</dbscripts>
	<dbversion>V9100-00</dbversion>
	<checklicense>1</checklicense>
	<lastdbversion>V9100-00</lastdbversion>
	<depends>tnd</depends>
	<excludepatch>1</excludepatch>
	<extensions>
		<mbo objectname="ACTION" extends="psdi.common.action.Action">certus.pnl.common.action.PNAction</mbo>
		<mboset objectname="ACTION" extends="psdi.common.action.ActionSet">certus.pnl.common.action.PNActionSet</mboset>
		<mbo objectname="DOCLINKS" extends="psdi.app.doclink.Doclinks">certus.pnl.app.doclink.PNDoclinks</mbo>
		<mboset objectname="DOCLINKS" extends="psdi.app.doclink.DoclinksSet">certus.pnl.app.doclink.PNDoclinksSet</mboset>
		<mbo objectname="JOBMATERIAL" extends="psdi.app.jobplan.JobMaterial">certus.pnl.app.jobplan.PNJobMaterial</mbo>
		<mboset objectname="JOBMATERIAL" extends="psdi.app.jobplan.JobMaterialSet">certus.pnl.app.jobplan.PNJobMaterialSet</mboset> 
	 	<mbo objectname="SERVRECTRANS" extends="psdi.app.labor.ServRecTrans">certus.pnl.app.labor.PNServRecTrans</mbo>
		<mboset objectname="SERVRECTRANS" extends="psdi.app.labor.ServRecTransSet">certus.pnl.app.labor.PNServRecTransSet</mboset> 
		<mbo objectname="PM" extends="psdi.app.pm.PM">certus.pnl.app.doclink.PNPM</mbo>
		<mboset objectname="PM" extends="psdi.app.pm.PMSet">certus.pnl.app.doclink.PNPMSet</mboset>
	 	<mbo objectname="WFACTION" extends="psdi.workflow.WFAction">certus.pnl.workflow.PNWFAction</mbo>
		<mboset objectname="WFACTION" extends="psdi.workflow.WFActionSet">certus.pnl.workflow.PNWFActionSet</mboset> 
		<mbo objectname="WOACTIVITY" extends="psdi.plusd.app.workorder.PlusDWOActivity">certus.pnl.app.workorder.PNWOActivity</mbo>
		<mboset objectname="WOACTIVITY" extends="psdi.plusd.app.workorder.PlusDWOActivitySet">certus.pnl.app.workorder.PNWOActivitySet</mboset>
		<mbo objectname="WORKLOG" extends="psdi.app.ticket.WorkLog">certus.pnl.app.ticket.PNWorkLog</mbo>
		<mboset objectname="WORKLOG" extends="psdi.app.ticket.WorkLogSet">certus.pnl.app.ticket.PNWorkLogSet</mboset>
        <mbo objectname="WORKORDER" extends="psdi.plusd.app.workorder.PlusDWO">certus.pnl.app.workorder.PNWO</mbo>	 
        <mboset objectname="WORKORDER" extends="psdi.plusd.app.workorder.PlusDWOSet">certus.pnl.app.workorder.PNWOSet</mboset>
		<mbo objectname="WPMATERIAL" extends="psdi.plusd.app.workorder.PlusDWPMaterial">certus.pnl.app.workorder.PNWPMaterial</mbo>
		<mboset objectname="WPMATERIAL" extends="psdi.plusd.app.workorder.PlusDWPMaterialSet">certus.pnl.app.workorder.PNWPMaterialSet</mboset>
		<mbo objectname="WPSERVICE" extends="psdi.app.workorder.WPService">certus.pnl.app.workorder.PNWPService</mbo>
		<mboset objectname="WPSERVICE" extends="psdi.app.workorder.WPServiceSet">certus.pnl.app.workorder.PNWPServiceSet</mboset>
		<mbo objectname="WPTOOL" extends="psdi.app.workorder.WPTool">certus.pnl.app.workorder.PNWPTool</mbo>
		<mboset objectname="WPTOOL" extends="psdi.app.workorder.WPToolSet">certus.pnl.app.workorder.PNWPToolSet</mboset>
		<field objectname="COMMLOG" attributename="TEMPLATEID" extends="psdi.common.commlog.FldCommLogTmpltId">certus.pnl.common.commlog.PNFldCommLogTmpltId</field>
		<field objectname="WORKORDER" attributename="WORKTYPE" extends="psdi.app.workorder.FldWorkType">certus.pnl.app.workorder.PNFldWorkType</field>
		<field objectname="WPITEM" attributename="TASKID" extends="psdi.app.workorder.FldWPTaskID">certus.pnl.app.workorder.PNFldWPTaskID</field>
		<field objectname="WPLABOR" attributename="TASKID" extends="psdi.app.workorder.FldWPTaskID">certus.pnl.app.workorder.PNFldWPTaskID</field>
		<field objectname="WPMATERIAL" attributename="LINECOST" extends="psdi.app.workorder.FldWpMatLineCost">certus.pnl.app.workorder.PNFldWpMatLineCost</field>
		<field objectname="WPMATERIAL" attributename="TASKID" extends="psdi.app.workorder.FldWPTaskID">certus.pnl.app.workorder.PNFldWPTaskID</field>
		<field objectname="WPSERVICE" attributename="LINECOST" extends="psdi.app.workorder.FldWpSerLineCost">certus.pnl.app.workorder.PNFldWpSerLineCost</field>
		<field objectname="WPSERVICE" attributename="TASKID" extends="psdi.app.workorder.FldWPTaskID">certus.pnl.app.workorder.PNFldWPTaskID</field>
		<field objectname="WPSERVICE" attributename="VENDOR" extends="psdi.app.workorder.FldWpSerVendor">certus.pnl.app.workorder.PNFldWpSerVendor</field>
		<field objectname="WPTOOL" attributename="LINECOST" extends="psdi.app.workorder.FldWpToolLineCost">certus.pnl.app.workorder.PNFldWpToolLineCost</field>
		<field objectname="WPTOOL" attributename="TASKID" extends="psdi.app.workorder.FldWPTaskID">certus.pnl.app.workorder.PNFldWPTaskID</field>
		<!--Workorder service????-->
	</extensions>
</product>