<?xml version='1.0' encoding='utf-8'?>
<product>
    <name>Powernet Customization</name>
    <version>
        <major>9</major>
        <minor>1</minor>
        <modlevel>0</modlevel>
        <patch>0</patch>
        <build>20251112-1001</build>
    </version>
    <dbmaxvarname>PNCUSTOM</dbmaxvarname>
    <dbscripts>pncustom</dbscripts>
    <dbversion>V9100-00</dbversion>
    <lastdbversion>V9100-00</lastdbversion>
    <extensions>
		
		<mbo objectname="ACTION" extends="psdi.common.action.Action">certus.pnl.common.action.PNAction</mbo>
		<mboset objectname="ACTION" extends="psdi.common.action.ActionSet">certus.pnl.common.action.PNActionSet</mboset>
	 
		<mbo objectname="DOCLINKS" extends="psdi.app.doclink.Doclinks">certus.pnl.app.doclink.PNDoclinks</mbo>
		<class extends="psdi.app.doclink.DoclinksRemote">certus.pnl.app.doclink.PNDoclinksRemote</class>
		<mboset objectname="DOCLINKS" extends="psdi.app.doclink.DoclinksSet">certus.pnl.app.doclink.PNDoclinksSet</mboset>

		<mbo objectname="JOBMATERIAL" extends="psdi.app.jobplan.JobMaterial">certus.pnl.app.jobplan.PNJobMaterial</mbo>
		<mboset objectname="JOBMATERIAL" extends="psdi.app.jobplan.JobMaterialSet">certus.pnl.app.jobplan.PNJobMaterialSet</mboset> 
	 
	 	<mbo objectname="SERVRECTRANS" extends="psdi.app.labor.ServRecTrans">certus.pnl.app.labor.PNServRecTrans</mbo>
		<mboset objectname="SERVRECTRANS" extends="psdi.app.labor.ServRecTransSet">certus.pnl.app.labor.PNServRecTransSet</mboset> 

		<mbo objectname="PM" extends="psdi.app.pm.PM">certus.pnl.app.doclink.PNPM</mbo>
		<class extends="psdi.app.pm.PMRemote">certus.pnl.app.doclink.PNPMRemote</class>
		<mboset objectname="PM" extends="psdi.app.pm.PMSet">certus.pnl.app.doclink.PNPMSet</mboset>
		<class extends="psdi.app.pm.PMSetRemote">certus.pnl.app.doclink.PNPMSetRemote</class>

	 	<mbo objectname="WFACTION" extends="psdi.workflow.WFAction">certus.pnl.workflow.PNWFAction</mbo>
		<mboset objectname="WFACTION" extends="psdi.workflow.WFActionSet">certus.pnl.workflow.PNWFActionSet</mboset> 

		<mbo objectname="WOACTIVITY" extends="psdi.plusd.app.workorder.PlusDWOActivity">certus.pnl.app.workorder.PNWOActivity</mbo>
		<class extends="psdi.plusd.app.workorder.PlusDWOActivityRemote">certus.pnl.app.workorder.PNWOActivityRemote</class>
		<mboset objectname="WOACTIVITY" extends="psdi.plusd.app.workorder.PlusDWOActivitySet">certus.pnl.app.workorder.PNWOActivitySet</mboset>

		<mbo objectname="WORKLOG" extends="psdi.app.ticket.WorkLog">certus.pnl.app.ticket.PNWorkLog</mbo>
		<class extends="psdi.app.ticket.WorkLogRemote">certus.pnl.app.ticket.PNWorkLogRemote</class>
		<mboset objectname="WORKLOG" extends="psdi.app.ticket.WorkLogSet">certus.pnl.app.ticket.PNWorkLogSet</mboset>
		<class extends="psdi.app.ticket.WorkLogSetRemote">certus.pnl.app.ticket.PNWorkLogSetRemote</class>

        <mbo objectname="WORKORDER" extends="psdi.plusd.app.workorder.PlusDWO">certus.pnl.app.workorder.PNWO</mbo>	 
        <mboset objectname="WORKORDER" extends="psdi.plusd.app.workorder.PlusDWOSet">certus.pnl.app.workorder.PNWOSet</mboset>

		<mbo objectname="WPMATERIAL" extends="psdi.plusd.app.workorder.PlusDWPMaterial">certus.pnl.app.workorder.PNWPMaterial</mbo>
		<class extends="psdi.plusd.app.workorder.PlusDWPMaterialRemote">certus.pnl.app.workorder.PNWPMaterialRemote</class>
		<mboset objectname="WPMATERIAL" extends="psdi.plusd.app.workorder.PlusDWPMaterialSet">certus.pnl.app.workorder.PNWPMaterialSet</mboset>
		<class extends="psdi.plusd.app.workorder.PlusDWPMaterialSetRemote">certus.pnl.app.workorder.PNWPMaterialSetRemote</class>

		<mbo objectname="WPSERVICE" extends="psdi.app.workorder.WPService">certus.pnl.app.workorder.PNWPService</mbo>
		<class extends="psdi.app.workorder.WPServiceRemote">certus.pnl.app.workorder.PNWPServiceRemote</class>
		<mboset objectname="WPSERVICE" extends="psdi.app.workorder.WPServiceSet">certus.pnl.app.workorder.PNWPServiceSet</mboset>
		<class extends="psdi.app.workorder.WPServiceSetRemote">certus.pnl.app.workorder.PNWPServiceSetRemote</class>
		
		<mbo objectname="WPTOOL" extends="psdi.app.workorder.WPTool">certus.pnl.app.workorder.PNWPTool</mbo>
		<class extends="psdi.app.workorder.WPToolRemote">certus.pnl.app.workorder.PNWPToolRemote</class>
		<mboset objectname="WPTOOL" extends="psdi.app.workorder.WPToolSet">certus.pnl.app.workorder.PNWPToolSet</mboset>
		
		<field objectname="COMMLOG" attributename="TEMPLATEID" extends="psdi.common.commlog.FldCommLogTmpltId">certus.pnl.common.commlog.PNFldCommLogTmpltId</field>
		<field objectname="WORKORDER" attributename="WORKTYPE" extends="psdi.app.workorder.FldWorkType">certus.pnl.app.workorder.PNFldWorkType</field>
		<field objectname="WPITEM" attributename="TASKID" extends="psdi.app.workorder.FldWPTaskID">certus.pnl.app.workorder.PNFldWPTaskID</field>
		<field objectname="WPLABOR" attributename="TASKID" extends="psdi.app.workorder.FldWPTaskID">certus.pnl.app.workorder.PNFldWPTaskID</field>
		<field objectname="WPMATERIAL" attributename="LINECOST" extends="psdi.app.workorder.FldWpMatLineCost">certus.pnl.app.workorder.PNFldWpMatLineCost</field>
		<field objectname="WPMATERIAL" attributename="TASKID" extends="psdi.app.workorder.FldWPTaskID">certus.pnl.app.workorder.PNFldWPTaskID</field>
		<field objectname="WPSERVICE" attributename="LINECOST" extends="psdi.app.workorder.FldWpSerLineCost">certus.pnl.app.workorder.PNFldWpSerLineCost</field>
		<field objectname="WPSERVICE" attributename="TASKID" extends="psdi.app.workorder.FldWPTaskID">certus.pnl.app.workorder.PNFldWPTaskID</field>
		<field objectname="WPSERVICE" attributename="VENDOR" extends="psdi.app.workorder.FldWpSerVendor">certus.pnl.app.workorder.PNFldWpSerVendor</field>
		<field objectname="WPTOOL" attributename="LINECOST" extends="psdi.app.workorder.FldWpToolLineCost">certus.pnl.app.workorder.PNFldWpToolLineCost</field>
		<field objectname="WPTOOL" attributename="TASKID" extends="psdi.app.workorder.FldWPTaskID">certus.pnl.app.workorder.PNFldWPTaskID</field>

    </extensions>
</product>